{
  "CriticalTemperature" : 591.15,
  "CriticalPressure" : 2938000.0,
  "AcentricFactor" : 0.224,
  "Type" : "flexible",
  "pseudoAtoms" :
    [
      ["CH_c",  [1.465493, 0.000000, 0.236606]],
      ["CH2_c", [0.732747, 1.269154, -0.236606]],
      ["CH_c",  [-0.732747, 1.269154, 0.236606]],
      ["CH2_c", [-1.465493, 0.000000, -0.236606]],
      ["CH2_c", [-0.732747, -1.269154, 0.236606]],
      ["CH2_c", [0.732747, -1.269154, -0.236606]],
      ["CH3",   [3.005493, 0.000000, 0.236606]],
      ["CH3",   [-1.502747, 2.602832, 0.236606]]
    ],
  "Connectivity" : [
    [0, 1],
    [1, 2],
    [2, 3],
    [3, 4],
    [4, 5],
    [5, 0],
    [0, 6],
    [2, 7]
  ],
  "Groups" : [
    { "Type" : "Cycle",    "Atoms" : [0, 1, 2, 3, 4, 5] },
    { "Type" : "Flexible", "Atoms" : [6] },
    { "Type" : "Flexible", "Atoms" : [7] }
  ],
  "Bonds" : [
    [[0, 1], "HARMONIC", [96500.0, 1.54]],
    [[1, 2], "HARMONIC", [96500.0, 1.54]],
    [[2, 3], "HARMONIC", [96500.0, 1.54]],
    [[3, 4], "HARMONIC", [96500.0, 1.54]],
    [[4, 5], "HARMONIC", [96500.0, 1.54]],
    [[5, 0], "HARMONIC", [96500.0, 1.54]],
    [[0, 6], "HARMONIC", [96500.0, 1.54]],
    [[2, 7], "HARMONIC", [96500.0, 1.54]]
  ],
  "Bends" : [
    [[5, 0, 1], "HARMONIC", [62500.0, 112.0]],
    [[0, 1, 2], "HARMONIC", [62500.0, 114.0]],
    [[1, 2, 3], "HARMONIC", [62500.0, 112.0]],
    [[2, 3, 4], "HARMONIC", [62500.0, 114.0]],
    [[3, 4, 5], "HARMONIC", [62500.0, 114.0]],
    [[4, 5, 0], "HARMONIC", [62500.0, 114.0]],
    [[6, 0, 1], "HARMONIC", [62500.0, 112.0]],
    [[6, 0, 5], "HARMONIC", [62500.0, 112.0]],
    [[7, 2, 1], "HARMONIC", [62500.0, 112.0]],
    [[7, 2, 3], "HARMONIC", [62500.0, 112.0]]
  ],
  "Torsions" : [
    [[5, 0, 1, 2], "TRAPPE", [-251.06, 428.73, -111.85, 441.27]],
    [[6, 0, 1, 2], "TRAPPE", [-251.06, 428.73, -111.85, 441.27]],
    [[0, 1, 2, 3], "TRAPPE", [-251.06, 428.73, -111.85, 441.27]],
    [[0, 1, 2, 7], "TRAPPE", [-251.06, 428.73, -111.85, 441.27]],
    [[1, 2, 3, 4], "TRAPPE", [-251.06, 428.73, -111.85, 441.27]],
    [[7, 2, 3, 4], "TRAPPE", [-251.06, 428.73, -111.85, 441.27]],
    [[2, 3, 4, 5], "TRAPPE", [0.0, 355.03, -68.19, 791.32]],
    [[3, 4, 5, 0], "TRAPPE", [0.0, 355.03, -68.19, 791.32]],
    [[4, 5, 0, 1], "TRAPPE", [-251.06, 428.73, -111.85, 441.27]],
    [[4, 5, 0, 6], "TRAPPE", [-251.06, 428.73, -111.85, 441.27]]
  ],
  "VanDerWaals" : "auto"
}
