{
  "Type": "Flexible",
  "ExcludeIntra12Interactions": false,
  "ExcludeIntra13Interactions": false,
  "ExcludeIntraBondInteractions": true,
  "ExcludeIntraBendInteractions": true,
  "Intra14VanDerWaalsScalingValue": 1.0,
  "Intra14ChargeChargeScalingValue": 1.0,
  "Bonds": [
    [["C3", "H1"], "HARMONIC", [366001.13136396, 0.95]],
    [["C3", "C3"], "HARMONIC", [483413.91047488, 1.36]],
    [["C2", "C3"], "HARMONIC", [483413.91047488, 1.36]],
    [["C1", "C2"], "HARMONIC", [353750.919316375, 1.42]],
    [["O2", "C1"], "HARMONIC", [543840.64928424, 1.25]]
  ],
  "Bends": [
    [["C1", "C2", "C3"], "HARMONIC", [34926.5543205787, 120.0]],
    [["C2", "C3", "H1"], "HARMONIC", [37263.15559911, 120.0]],
    [["C3", "C3", "H1"], "HARMONIC", [37263.15559911, 120.0]],
    [["C3", "C2", "C3"], "HARMONIC", [90640.10821404, 120.0]],
    [["C3", "C3", "C2"], "HARMONIC", [90640.10821404, 120.0]],
    [["O2", "C1", "O2"], "HARMONIC", [135960.162321060, 130.0]],
    [["O2", "C1", "C2"], "HARMONIC", [54882.4848123699, 115.0]]
  ],
  "Torsions": [
    [["O2", "C1", "C2", "C3"], "TRAPPE", [0.0, 0.0, 1258.890391861, 0.0]],
    [["C1", "C2", "C3", "H1"], "TRAPPE", [0.0, 0.0, 1510.668470234, 0.0]],
    [["C1", "C2", "C3", "C3"], "TRAPPE", [0.0, 0.0, 1510.668470234, 0.0]],
    [["H1", "C3", "C3", "H1"], "TRAPPE", [0.0, 0.0, 1510.668470234, 0.0]],
    [["C2", "C3", "C3", "H1"], "TRAPPE", [0.0, 0.0, 1510.668470234, 0.0]],
    [["C2", "C3", "C3", "C2"], "TRAPPE", [0.0, 0.0, 1510.668470234, 0.0]],
    [["H1", "C3", "C2", "C3"], "TRAPPE", [0.0, 0.0, 1510.668470234, 0.0]],
    [["C3", "C2", "C3", "C3"], "TRAPPE", [0.0, 0.0, 1510.668470234, 0.0]]
  ],
  "ImproperTorsions": [
    [["C2", "C1", "O2", "O2"], "TRAPPE", [0.0, 0.0, 5035.561567446, 0.0]],
    [["C3", "C2", "C3", "C1"], "TRAPPE", [0.0, 0.0, 5035.561567446, 0.0]],
    [["C2", "C3", "C3", "H1"], "TRAPPE", [0.0, 0.0, 186.3157779955, 0.0]]
  ]
}
