{
  "CriticalTemperature" : 647.096,
  "CriticalPressure" : 2.2064e7,
  "AcentricFactor" : 0.3442920843,
  "Type" : "rigid",
  "pseudoAtoms" : 
    [
      ["Ow",[ 0.0,                     0.0,                     0.0]],
      ["Hw",[-0.75695032726366118157,  0.0,                    -0.58588227661829499395]],
      ["Hw",[ 0.75695032726366118157,  0.0,                    -0.58588227661829499395]],
      ["Lw",[ 0.0,                    -0.57154330164408200866,  0.40415127656087122858]],
      ["Lw",[ 0.0,                     0.57154330164408200866,  0.40415127656087122858]]
    ]
} 
