{
  "CriticalTemperature" : 562.05,
  "CriticalPressure" : 4894000.0,
  "AcentricFactor" : 0.2092,
  "Type" : "rigid",
  "pseudoAtoms" : 
    [
      ["C_benz", [ 0.00000000,   0.00000000,   0.00000000]],
      ["C_benz", [ 1.39200000,   0.00000000,   0.00000000]],
      ["C_benz", [ 2.08800000,   1.20550736,   0.00000000]],
      ["C_benz", [ 1.39200051,   2.41101443,  -0.00119599]],
      ["C_benz", [ 0.00000000,   2.41101459,  -0.00167420]],
      ["C_benz", [-0.69600000,   1.20550717,  -0.00068061]],
      ["H_benz", [-0.54000000,  -0.93530733,   0.00044182]],
      ["H_benz", [ 1.93200000,  -0.93530654,   0.00129125]],
      ["H_benz", [ 3.16799982,   1.20550747,   0.00062273]],
      ["H_benz", [ 1.93200056,   3.34632183,  -0.00125416]],
      ["H_benz", [-0.53999901,   3.34632180,  -0.00260212]],
      ["H_benz", [-1.77600000,   1.20550708,  -0.00085731]]
    ],
  "Bonds" : [[0,1], [1,2], [2,3], [3,4], [4,5], [5,0], [0,6], [1,7], [2,8], [3,9], [4,10], [5,11]]
}   
