{
  "CriticalTemperature" : 553.6,
  "CriticalPressure" : 4073000.0,
  "AcentricFactor" : 0.211,
  "pseudoAtoms" :
    [
      ["CH2_c", [1.465493, 0.000000, 0.236606]],
      ["CH2_c", [0.732747, 1.269154, -0.236606]],
      ["CH2_c", [-0.732747, 1.269154, 0.236606]],
      ["CH2_c", [-1.465493, 0.000000, -0.236606]],
      ["CH2_c", [-0.732747, -1.269154, 0.236606]],
      ["CH2_c", [0.732747, -1.269154, -0.236606]]
    ],
  "Connectivity" : [
    [0, 1],
    [1, 2],
    [2, 3],
    [3, 4],
    [4, 5],
    [5, 0]
  ],
  "Bonds" : [
    [["CH2_c", "CH2_c"], "HARMONIC", [96500.0, 1.54]]
  ],
  "Bends" : [
    [["CH2_c", "CH2_c", "CH2_c"], "HARMONIC", [62500.0, 114.0]]
  ],
  "Torsions" : [
    [["CH2_c", "CH2_c", "CH2_c", "CH2_c"], "TRAPPE", [0.0, 355.03, -68.19, 791.32]]
  ],
  "VanDerWaals" : "auto"
}
