{
  "CriticalTemperature" : 405.5,
  "CriticalPressure" : 11280000.0,
  "AcentricFactor" : 0.253,
  "Type" : "rigid",
  "pseudoAtoms" :
    [
      ["N_NH3", [-3.1570495795, 0.3138892474, 0.0071127582]],
      ["H_NH3", [-2.1449843214, 0.2879148211, 0.0053799745]],
      ["H_NH3", [-3.4269517194, 1.0763089429, 0.6160649753]],
      ["H_NH3", [-3.4686920742, -0.5392511749, 0.4543086161]]
    ],
  "Bonds" : [[0, 1], [0, 2], [0, 3]]
}
