{
  "CriticalTemperature" : 800.0,
  "CriticalPressure" : 3000000.0,
  "AcentricFactor" : 0.4,
  "pseudoAtoms" :
    [
      ["CH3",   [0.0, 0.0, 0.0]],
      ["CH2",   [0.0, 0.0, 0.0]],
      ["C_ar",  [-1.40, 0.0, 0.0]],
      ["CH_ar", [-0.70, 1.21243556529821, 0.0]],
      ["CH_ar", [0.70, 1.21243556529821, 0.0]],
      ["C_ar",  [1.40, 0.0, 0.0]],
      ["CH_ar", [0.70, -1.21243556529821, 0.0]],
      ["CH_ar", [-0.70, -1.21243556529821, 0.0]],
      ["C_ar",  [-1.40, 0.0, 0.0]],
      ["CH_ar", [-0.70, 1.21243556529821, 0.0]],
      ["CH_ar", [0.70, 1.21243556529821, 0.0]],
      ["C_ar",  [1.40, 0.0, 0.0]],
      ["CH_ar", [0.70, -1.21243556529821, 0.0]],
      ["CH_ar", [-0.70, -1.21243556529821, 0.0]],
      ["CH2",   [0.0, 0.0, 0.0]],
      ["CH3",   [0.0, 0.0, 0.0]]
    ],
  "Connectivity" : [
    [0, 1],
    [1, 2],
    [2, 3],
    [3, 4],
    [4, 5],
    [5, 6],
    [6, 7],
    [7, 2],
    [5, 8],
    [8, 9],
    [9, 10],
    [10, 11],
    [11, 12],
    [12, 13],
    [13, 8],
    [11, 14],
    [14, 15]
  ],
  "RigidBodies" : [
    [2, 3, 4, 5, 6, 7],
    [8, 9, 10, 11, 12, 13]
  ],
  "Bonds" : [
    [["CH3", "CH2"],  "HARMONIC", [96500.0, 1.54]],
    [["CH2", "C_ar"], "HARMONIC", [96500.0, 1.51]],
    [["C_ar", "C_ar"], "HARMONIC", [96500.0, 1.48]]
  ],
  "Bends" : [
    [["CH3", "CH2", "C_ar"],   "HARMONIC", [62500.0, 114]],
    [["CH2", "C_ar", "CH_ar"], "HARMONIC", [62500.0, 120]],
    [["CH_ar", "C_ar", "C_ar"], "HARMONIC", [62500.0, 120]]
  ],
  "Torsions" : [
    [["CH3", "CH2", "C_ar", "CH_ar"],   "TRAPPE", [0.0, 0.0, 0.0, 0.0]],
    [["CH2", "C_ar", "CH_ar", "CH_ar"], "TRAPPE", [0.0, 0.0, 0.0, 0.0]],
    [["CH_ar", "CH_ar", "C_ar", "C_ar"], "TRAPPE", [0.0, 0.0, 0.0, 0.0]],
    [["CH_ar", "C_ar", "C_ar", "CH_ar"], "TRAPPE", [0.0, 0.0, 200.0, 0.0]]
  ],
  "VanDerWaals" : "auto",
  "Partial-reinsertion" : [
    [0, 1, 2, 3, 4, 5, 6, 7, 8, 9, 10, 11, 12, 13],
    [2, 3, 4, 5, 6, 7, 8, 9, 10, 11, 12, 13, 14, 15],
    [0, 1, 2, 3, 4, 5, 6, 7],
    [8, 9, 10, 11, 12, 13, 14, 15]
  ]
}
