{
  "CriticalTemperature" : 647.096,
  "CriticalPressure" : 2.2064e7,
  "AcentricFactor" : 0.3442920843,
  "pseudoAtoms" :
    [
      ["Ow",[ 0.0,                 0.0,  0.0]],
      ["Hw",[-0.81649658092772603, 0.0, -0.57735026918962573]],
      ["Hw",[ 0.81649658092772603, 0.0, -0.57735026918962573]]
    ]
}
